"","X","Station.Name","lat","lon","fcc.url","getURL","Block.FIPS","County.FIPS","County.name","State.FIPS","State.code","State.name",".attrs.status",".attrs.executionTime","messages"
"35",40,"BERRY POLICE DEPT",-34.77735,150.692868,"http://data.fcc.gov/api/block/find?latitude=-34.77735&longitude=150.692868&showall=[true]","<?xml version=""1.0"" encoding=""UTF-8"" standalone=""yes""?><Response xmlns=""http://data.fcc.gov/api"" status=""OK"" executionTime=""81""><Block/><County/><State/></Response>",NA,NA,NA,NA,NA,NA,"OK","81",NA
"109",118,"GROVE HILL POLICE DEPT",8.5691279,76.8714899,"http://data.fcc.gov/api/block/find?latitude=8.5691279&longitude=76.8714899&showall=[true]","<?xml version=""1.0"" encoding=""UTF-8"" standalone=""yes""?><Response xmlns=""http://data.fcc.gov/api"" status=""OK"" executionTime=""142""><Block/><County/><State/></Response>",NA,NA,NA,NA,NA,NA,"OK","142",NA
"255",272,"BLACK ROCK POLICE DEPT",53.2997932,-6.1775967,"http://data.fcc.gov/api/block/find?latitude=53.2997932&longitude=-6.1775967&showall=[true]","<?xml version=""1.0"" encoding=""UTF-8"" standalone=""yes""?><Response xmlns=""http://data.fcc.gov/api"" status=""OK"" executionTime=""189""><Block/><County/><State/></Response>",NA,NA,NA,NA,NA,NA,"OK","189",NA
"276",295,"DOVER MARSHALS OFFICE",51.1278758,1.3134027,"http://data.fcc.gov/api/block/find?latitude=51.1278758&longitude=1.3134027&showall=[true]","<?xml version=""1.0"" encoding=""UTF-8"" standalone=""yes""?><Response xmlns=""http://data.fcc.gov/api"" status=""OK"" executionTime=""99""><Block/><County/><State/></Response>",NA,NA,NA,NA,NA,NA,"OK","99",NA
"464",498,"US DHS DBP SAN LUIS",-33.3022202,-66.3367976,"http://data.fcc.gov/api/block/find?latitude=-33.3022202&longitude=-66.3367976&showall=[true]","<?xml version=""1.0"" encoding=""UTF-8"" standalone=""yes""?><Response xmlns=""http://data.fcc.gov/api"" status=""OK"" executionTime=""76""><Block/><County/><State/></Response>",NA,NA,NA,NA,NA,NA,"OK","76",NA
"467",503,"US DOI NPS HEREFORD",52.056398,-2.715974,"http://data.fcc.gov/api/block/find?latitude=52.056398&longitude=-2.715974&showall=[true]","<?xml version=""1.0"" encoding=""UTF-8"" standalone=""yes""?><Response xmlns=""http://data.fcc.gov/api"" status=""OK"" executionTime=""86""><Block/><County/><State/></Response>",NA,NA,NA,NA,NA,NA,"OK","86",NA
"472",508,"WESTERN COLLEGE POLICE DEPT",-33.9020726,18.6221394,"http://data.fcc.gov/api/block/find?latitude=-33.9020726&longitude=18.6221394&showall=[true]","<?xml version=""1.0"" encoding=""UTF-8"" standalone=""yes""?><Response xmlns=""http://data.fcc.gov/api"" status=""OK"" executionTime=""91""><Block/><County/><State/></Response>",NA,NA,NA,NA,NA,NA,"OK","91",NA
"513",551,"CA CORRECTIONAL SAFETY",43.7353763,-79.3263571,"http://data.fcc.gov/api/block/find?latitude=43.7353763&longitude=-79.3263571&showall=[true]","<?xml version=""1.0"" encoding=""UTF-8"" standalone=""yes""?><Response xmlns=""http://data.fcc.gov/api"" status=""OK"" executionTime=""134""><Block/><County/><State/></Response>",NA,NA,NA,NA,NA,NA,"OK","134",NA
"543",582,"CRESCENT CITY POLICE DEPT",32.9853985,70.606395,"http://data.fcc.gov/api/block/find?latitude=32.9853985&longitude=70.606395&showall=[true]","<?xml version=""1.0"" encoding=""UTF-8"" standalone=""yes""?><Response xmlns=""http://data.fcc.gov/api"" status=""OK"" executionTime=""163""><Block/><County/><State/></Response>",NA,NA,NA,NA,NA,NA,"OK","163",NA
"547",586,"DEL NORTE COUNTY SHERIFF",54.0891597,-1.0067805,"http://data.fcc.gov/api/block/find?latitude=54.0891597&longitude=-1.0067805&showall=[true]","<?xml version=""1.0"" encoding=""UTF-8"" standalone=""yes""?><Response xmlns=""http://data.fcc.gov/api"" status=""OK"" executionTime=""153""><Block/><County/><State/></Response>",NA,NA,NA,NA,NA,NA,"OK","153",NA
"576",615,"GARDEN GROVE POLICE DEPT",24.8577848,67.0289381,"http://data.fcc.gov/api/block/find?latitude=24.8577848&longitude=67.0289381&showall=[true]","<?xml version=""1.0"" encoding=""UTF-8"" standalone=""yes""?><Response xmlns=""http://data.fcc.gov/api"" status=""OK"" executionTime=""147""><Block/><County/><State/></Response>",NA,NA,NA,NA,NA,NA,"OK","147",NA
"600",639,"KERMAN POLICE DEPT",30.2839379,57.0833628,"http://data.fcc.gov/api/block/find?latitude=30.2839379&longitude=57.0833628&showall=[true]","<?xml version=""1.0"" encoding=""UTF-8"" standalone=""yes""?><Response xmlns=""http://data.fcc.gov/api"" status=""OK"" executionTime=""75""><Block/><County/><State/></Response>",NA,NA,NA,NA,NA,NA,"OK","75",NA
"601",640,"KERN COUNTY DA",50.0871848,8.0142561,"http://data.fcc.gov/api/block/find?latitude=50.0871848&longitude=8.0142561&showall=[true]","<?xml version=""1.0"" encoding=""UTF-8"" standalone=""yes""?><Response xmlns=""http://data.fcc.gov/api"" status=""OK"" executionTime=""74""><Block/><County/><State/></Response>",NA,NA,NA,NA,NA,NA,"OK","74",NA
"695",740,"SAN PABLO POLICE DEPT",17.4479089,121.7947072,"http://data.fcc.gov/api/block/find?latitude=17.4479089&longitude=121.7947072&showall=[true]","<?xml version=""1.0"" encoding=""UTF-8"" standalone=""yes""?><Response xmlns=""http://data.fcc.gov/api"" status=""OK"" executionTime=""210""><Block/><County/><State/></Response>",NA,NA,NA,NA,NA,NA,"OK","210",NA
"716",762,"SOUTH GATE POLICE DEPT",21.4216825,109.1222199,"http://data.fcc.gov/api/block/find?latitude=21.4216825&longitude=109.1222199&showall=[true]","<?xml version=""1.0"" encoding=""UTF-8"" standalone=""yes""?><Response xmlns=""http://data.fcc.gov/api"" status=""OK"" executionTime=""95""><Block/><County/><State/></Response>",NA,NA,NA,NA,NA,NA,"OK","95",NA
"763",817,"YUBA CITY POLICE DEPT",4.837411,31.6029239,"http://data.fcc.gov/api/block/find?latitude=4.837411&longitude=31.6029239&showall=[true]","<?xml version=""1.0"" encoding=""UTF-8"" standalone=""yes""?><Response xmlns=""http://data.fcc.gov/api"" status=""OK"" executionTime=""1455""><Block/><County/><State/></Response>",NA,NA,NA,NA,NA,NA,"OK","1455",NA
"765",819,"AGUILAR MARSHAL'S OFFICE",37.5138455,-4.6566596,"http://data.fcc.gov/api/block/find?latitude=37.5138455&longitude=-4.6566596&showall=[true]","<?xml version=""1.0"" encoding=""UTF-8"" standalone=""yes""?><Response xmlns=""http://data.fcc.gov/api"" status=""OK"" executionTime=""172""><Block/><County/><State/></Response>",NA,NA,NA,NA,NA,NA,"OK","172",NA
"941",1007,"UNIV OF CT POLICE DEPT",9.6707069,76.5569022,"http://data.fcc.gov/api/block/find?latitude=9.6707069&longitude=76.5569022&showall=[true]","<?xml version=""1.0"" encoding=""UTF-8"" standalone=""yes""?><Response xmlns=""http://data.fcc.gov/api"" status=""OK"" executionTime=""149""><Block/><County/><State/></Response>",NA,NA,NA,NA,NA,NA,"OK","149",NA
"998",1071,"BRADFORD COUNTY SHERIFF DEPT",53.795984,-1.759398,"http://data.fcc.gov/api/block/find?latitude=53.795984&longitude=-1.759398&showall=[true]","<?xml version=""1.0"" encoding=""UTF-8"" standalone=""yes""?><Response xmlns=""http://data.fcc.gov/api"" status=""OK"" executionTime=""105""><Block/><County/><State/></Response>",NA,NA,NA,NA,NA,NA,"OK","105",NA
"1091",1166,"MIDWAY POLICE DEPT",14.418039,121.0439556,"http://data.fcc.gov/api/block/find?latitude=14.418039&longitude=121.0439556&showall=[true]","<?xml version=""1.0"" encoding=""UTF-8"" standalone=""yes""?><Response xmlns=""http://data.fcc.gov/api"" status=""OK"" executionTime=""72""><Block/><County/><State/></Response>",NA,NA,NA,NA,NA,NA,"OK","72",NA
"1186",1265,"BALL GROUND POLICE DEPT",20.9263,77.7448,"http://data.fcc.gov/api/block/find?latitude=20.9263&longitude=77.7448&showall=[true]","<?xml version=""1.0"" encoding=""UTF-8"" standalone=""yes""?><Response xmlns=""http://data.fcc.gov/api"" status=""OK"" executionTime=""168""><Block/><County/><State/></Response>",NA,NA,NA,NA,NA,NA,"OK","168",NA
"1313",1401,"IVEY POLICE DEPT",6.6285155,3.3222046,"http://data.fcc.gov/api/block/find?latitude=6.6285155&longitude=3.3222046&showall=[true]","<?xml version=""1.0"" encoding=""UTF-8"" standalone=""yes""?><Response xmlns=""http://data.fcc.gov/api"" status=""OK"" executionTime=""581""><Block/><County/><State/></Response>",NA,NA,NA,NA,NA,NA,"OK","581",NA
"1354",1446,"NELSON POLICE DEPT",49.4905091,-117.2946895,"http://data.fcc.gov/api/block/find?latitude=49.4905091&longitude=-117.2946895&showall=[true]","<?xml version=""1.0"" encoding=""UTF-8"" standalone=""yes""?><Response xmlns=""http://data.fcc.gov/api"" status=""OK"" executionTime=""90""><Block/><County/><State/></Response>",NA,NA,NA,NA,NA,NA,"OK","90",NA
"1596",1705,"RATHDRUM POLICE DEPT",52.9323123,-6.2311012,"http://data.fcc.gov/api/block/find?latitude=52.9323123&longitude=-6.2311012&showall=[true]","<?xml version=""1.0"" encoding=""UTF-8"" standalone=""yes""?><Response xmlns=""http://data.fcc.gov/api"" status=""OK"" executionTime=""83""><Block/><County/><State/></Response>",NA,NA,NA,NA,NA,NA,"OK","83",NA
"1610",1720,"ABINGDON POLICE DEPT",51.6701501,-1.2989223,"http://data.fcc.gov/api/block/find?latitude=51.6701501&longitude=-1.2989223&showall=[true]","<?xml version=""1.0"" encoding=""UTF-8"" standalone=""yes""?><Response xmlns=""http://data.fcc.gov/api"" status=""OK"" executionTime=""134""><Block/><County/><State/></Response>",NA,NA,NA,NA,NA,NA,"OK","134",NA
"1646",1757,"CAVE-IN-ROCK POLICE DEPT",17.4084837,78.3636955,"http://data.fcc.gov/api/block/find?latitude=17.4084837&longitude=78.3636955&showall=[true]","<?xml version=""1.0"" encoding=""UTF-8"" standalone=""yes""?><Response xmlns=""http://data.fcc.gov/api"" status=""OK"" executionTime=""162""><Block/><County/><State/></Response>",NA,NA,NA,NA,NA,NA,"OK","162",NA
"1754",1871,"ISLAND LAKE POLICE DEPT",6.9274247,79.8491936,"http://data.fcc.gov/api/block/find?latitude=6.9274247&longitude=79.8491936&showall=[true]","<?xml version=""1.0"" encoding=""UTF-8"" standalone=""yes""?><Response xmlns=""http://data.fcc.gov/api"" status=""OK"" executionTime=""161""><Block/><County/><State/></Response>",NA,NA,NA,NA,NA,NA,"OK","161",NA
"1859",1980,"PARK CITY POLICE DEPT",32.9853985,70.606395,"http://data.fcc.gov/api/block/find?latitude=32.9853985&longitude=70.606395&showall=[true]","<?xml version=""1.0"" encoding=""UTF-8"" standalone=""yes""?><Response xmlns=""http://data.fcc.gov/api"" status=""OK"" executionTime=""168""><Block/><County/><State/></Response>",NA,NA,NA,NA,NA,NA,"OK","168",NA
"1864",1985,"PEKIN PARK DISTRICT",40.213171,117.255176,"http://data.fcc.gov/api/block/find?latitude=40.213171&longitude=117.255176&showall=[true]","<?xml version=""1.0"" encoding=""UTF-8"" standalone=""yes""?><Response xmlns=""http://data.fcc.gov/api"" status=""OK"" executionTime=""77""><Block/><County/><State/></Response>",NA,NA,NA,NA,NA,NA,"OK","77",NA
"1934",2056,"TAMPICO POLICE DEPT",22.2331041,-97.861099,"http://data.fcc.gov/api/block/find?latitude=22.2331041&longitude=-97.861099&showall=[true]","<?xml version=""1.0"" encoding=""UTF-8"" standalone=""yes""?><Response xmlns=""http://data.fcc.gov/api"" status=""OK"" executionTime=""1161""><Block/><County/><State/></Response>",NA,NA,NA,NA,NA,NA,"OK","1161",NA
"1940",2062,"TOWER LAKES POLICE DEPT",17.4236046,78.4614739,"http://data.fcc.gov/api/block/find?latitude=17.4236046&longitude=78.4614739&showall=[true]","<?xml version=""1.0"" encoding=""UTF-8"" standalone=""yes""?><Response xmlns=""http://data.fcc.gov/api"" status=""OK"" executionTime=""159""><Block/><County/><State/></Response>",NA,NA,NA,NA,NA,NA,"OK","159",NA
"2032",2157,"FORT BRANCH POLICE DEPT",17.3771852,78.4261419,"http://data.fcc.gov/api/block/find?latitude=17.3771852&longitude=78.4261419&showall=[true]","<?xml version=""1.0"" encoding=""UTF-8"" standalone=""yes""?><Response xmlns=""http://data.fcc.gov/api"" status=""OK"" executionTime=""74""><Block/><County/><State/></Response>",NA,NA,NA,NA,NA,NA,"OK","74",NA
"2050",2175,"HAMLET POLICE DEPT",52.6247028,1.3158508,"http://data.fcc.gov/api/block/find?latitude=52.6247028&longitude=1.3158508&showall=[true]","<?xml version=""1.0"" encoding=""UTF-8"" standalone=""yes""?><Response xmlns=""http://data.fcc.gov/api"" status=""OK"" executionTime=""82""><Block/><County/><State/></Response>",NA,NA,NA,NA,NA,NA,"OK","82",NA
"2114",2245,"NORTH MANCHESTER POLICE DEPT",53.5021599,-2.2007128,"http://data.fcc.gov/api/block/find?latitude=53.5021599&longitude=-2.2007128&showall=[true]","<?xml version=""1.0"" encoding=""UTF-8"" standalone=""yes""?><Response xmlns=""http://data.fcc.gov/api"" status=""OK"" executionTime=""80""><Block/><County/><State/></Response>",NA,NA,NA,NA,NA,NA,"OK","80",NA
"2151",2285,"SOUTH BEND POLICE DEPT",21.4216825,109.1222199,"http://data.fcc.gov/api/block/find?latitude=21.4216825&longitude=109.1222199&showall=[true]","<?xml version=""1.0"" encoding=""UTF-8"" standalone=""yes""?><Response xmlns=""http://data.fcc.gov/api"" status=""OK"" executionTime=""137""><Block/><County/><State/></Response>",NA,NA,NA,NA,NA,NA,"OK","137",NA
"2171",2305,"VINCENNES UNIVERSITY POLICE DEPT",48.847759,2.4394969,"http://data.fcc.gov/api/block/find?latitude=48.847759&longitude=2.4394969&showall=[true]","<?xml version=""1.0"" encoding=""UTF-8"" standalone=""yes""?><Response xmlns=""http://data.fcc.gov/api"" status=""OK"" executionTime=""77""><Block/><County/><State/></Response>",NA,NA,NA,NA,NA,NA,"OK","77",NA
"2226",2366,"GOODLAND POLICE DEPT",-20.0373208,57.6494707,"http://data.fcc.gov/api/block/find?latitude=-20.0373208&longitude=57.6494707&showall=[true]","<?xml version=""1.0"" encoding=""UTF-8"" standalone=""yes""?><Response xmlns=""http://data.fcc.gov/api"" status=""OK"" executionTime=""71""><Block/><County/><State/></Response>",NA,NA,NA,NA,NA,NA,"OK","71",NA
"2437",2590,"VINE GROVE POLICE DEPT",24.8783516,67.0297099,"http://data.fcc.gov/api/block/find?latitude=24.8783516&longitude=67.0297099&showall=[true]","<?xml version=""1.0"" encoding=""UTF-8"" standalone=""yes""?><Response xmlns=""http://data.fcc.gov/api"" status=""OK"" executionTime=""170""><Block/><County/><State/></Response>",NA,NA,NA,NA,NA,NA,"OK","170",NA
"2513",2673,"SAINT MARTIN PARISH SHERIFF DEPT",18.08255,-63.052251,"http://data.fcc.gov/api/block/find?latitude=18.08255&longitude=-63.052251&showall=[true]","<?xml version=""1.0"" encoding=""UTF-8"" standalone=""yes""?><Response xmlns=""http://data.fcc.gov/api"" status=""OK"" executionTime=""126""><Block/><County/><State/></Response>",NA,NA,NA,NA,NA,NA,"OK","126",NA
"2540",2704,"BERKSHIRE COUNTY SHERIFF'S OFFICE",51.4659863,-1.2814014,"http://data.fcc.gov/api/block/find?latitude=51.4659863&longitude=-1.2814014&showall=[true]","<?xml version=""1.0"" encoding=""UTF-8"" standalone=""yes""?><Response xmlns=""http://data.fcc.gov/api"" status=""OK"" executionTime=""74""><Block/><County/><State/></Response>",NA,NA,NA,NA,NA,NA,"OK","74",NA
"2604",2768,"OAKHAM POLICE DEPT",52.6728272,-0.7285929,"http://data.fcc.gov/api/block/find?latitude=52.6728272&longitude=-0.7285929&showall=[true]","<?xml version=""1.0"" encoding=""UTF-8"" standalone=""yes""?><Response xmlns=""http://data.fcc.gov/api"" status=""OK"" executionTime=""78""><Block/><County/><State/></Response>",NA,NA,NA,NA,NA,NA,"OK","78",NA
"2649",2815,"CAPITOL HEIGHTS POLICE DEPT",11.9229027,79.6465455,"http://data.fcc.gov/api/block/find?latitude=11.9229027&longitude=79.6465455&showall=[true]","<?xml version=""1.0"" encoding=""UTF-8"" standalone=""yes""?><Response xmlns=""http://data.fcc.gov/api"" status=""OK"" executionTime=""79""><Block/><County/><State/></Response>",NA,NA,NA,NA,NA,NA,"OK","79",NA
"2675",2845,"NATIONAL INSTITUTE OF HEALTH POLICE",17.3390134,78.4110606,"http://data.fcc.gov/api/block/find?latitude=17.3390134&longitude=78.4110606&showall=[true]","<?xml version=""1.0"" encoding=""UTF-8"" standalone=""yes""?><Response xmlns=""http://data.fcc.gov/api"" status=""OK"" executionTime=""1836""><Block/><County/><State/></Response>",NA,NA,NA,NA,NA,NA,"OK","1836",NA
"2676",2846,"NATIONAL SECURITY AGENCY POLICE",44.3217479,86.0554244,"http://data.fcc.gov/api/block/find?latitude=44.3217479&longitude=86.0554244&showall=[true]","<?xml version=""1.0"" encoding=""UTF-8"" standalone=""yes""?><Response xmlns=""http://data.fcc.gov/api"" status=""OK"" executionTime=""678""><Block/><County/><State/></Response>",NA,NA,NA,NA,NA,NA,"OK","678",NA
"2732",2904,"OXFORD COUNTY SHERIFF DEPT",43.184007,-80.7214417,"http://data.fcc.gov/api/block/find?latitude=43.184007&longitude=-80.7214417&showall=[true]","<?xml version=""1.0"" encoding=""UTF-8"" standalone=""yes""?><Response xmlns=""http://data.fcc.gov/api"" status=""OK"" executionTime=""88""><Block/><County/><State/></Response>",NA,NA,NA,NA,NA,NA,"OK","88",NA
"2740",2912,"SCARBOROUGH POLICE DEPT",54.2819287,-0.4083441,"http://data.fcc.gov/api/block/find?latitude=54.2819287&longitude=-0.4083441&showall=[true]","<?xml version=""1.0"" encoding=""UTF-8"" standalone=""yes""?><Response xmlns=""http://data.fcc.gov/api"" status=""OK"" executionTime=""76""><Block/><County/><State/></Response>",NA,NA,NA,NA,NA,NA,"OK","76",NA
"2935",3123,"ROSCOMMON COUNTY SHERIFF DEPT",53.784398,-8.3756555,"http://data.fcc.gov/api/block/find?latitude=53.784398&longitude=-8.3756555&showall=[true]","<?xml version=""1.0"" encoding=""UTF-8"" standalone=""yes""?><Response xmlns=""http://data.fcc.gov/api"" status=""OK"" executionTime=""85""><Block/><County/><State/></Response>",NA,NA,NA,NA,NA,NA,"OK","85",NA
"2964",3153,"THETFORD TOWNSHIP POLICE DEPT",52.412856,0.751657,"http://data.fcc.gov/api/block/find?latitude=52.412856&longitude=0.751657&showall=[true]","<?xml version=""1.0"" encoding=""UTF-8"" standalone=""yes""?><Response xmlns=""http://data.fcc.gov/api"" status=""OK"" executionTime=""93""><Block/><County/><State/></Response>",NA,NA,NA,NA,NA,NA,"OK","93",NA
"2981",3171,"WEST BRANCH CITY POLICE DEPT",32.9853985,70.606395,"http://data.fcc.gov/api/block/find?latitude=32.9853985&longitude=70.606395&showall=[true]","<?xml version=""1.0"" encoding=""UTF-8"" standalone=""yes""?><Response xmlns=""http://data.fcc.gov/api"" status=""OK"" executionTime=""75""><Block/><County/><State/></Response>",NA,NA,NA,NA,NA,NA,"OK","75",NA
"3051",3243,"ELMORE POLICE DEPT",-36.4959959,144.6109933,"http://data.fcc.gov/api/block/find?latitude=-36.4959959&longitude=144.6109933&showall=[true]","<?xml version=""1.0"" encoding=""UTF-8"" standalone=""yes""?><Response xmlns=""http://data.fcc.gov/api"" status=""OK"" executionTime=""141""><Block/><County/><State/></Response>",NA,NA,NA,NA,NA,NA,"OK","141",NA
"3067",3259,"HILL CITY POLICE DEPT",32.9853985,70.606395,"http://data.fcc.gov/api/block/find?latitude=32.9853985&longitude=70.606395&showall=[true]","<?xml version=""1.0"" encoding=""UTF-8"" standalone=""yes""?><Response xmlns=""http://data.fcc.gov/api"" status=""OK"" executionTime=""120""><Block/><County/><State/></Response>",NA,NA,NA,NA,NA,NA,"OK","120",NA
"3119",3312,"MORGAN POLICE DEPT",-34.034181,139.669285,"http://data.fcc.gov/api/block/find?latitude=-34.034181&longitude=139.669285&showall=[true]","<?xml version=""1.0"" encoding=""UTF-8"" standalone=""yes""?><Response xmlns=""http://data.fcc.gov/api"" status=""OK"" executionTime=""187""><Block/><County/><State/></Response>",NA,NA,NA,NA,NA,NA,"OK","187",NA
"3295",3497,"LAURIE POLICE DEPARTMENT",45.2763459,3.10034,"http://data.fcc.gov/api/block/find?latitude=45.2763459&longitude=3.10034&showall=[true]","<?xml version=""1.0"" encoding=""UTF-8"" standalone=""yes""?><Response xmlns=""http://data.fcc.gov/api"" status=""OK"" executionTime=""152""><Block/><County/><State/></Response>",NA,NA,NA,NA,NA,NA,"OK","152",NA
"3308",3510,"MARSTON POLICE DEPT",24.8645304,67.0214041,"http://data.fcc.gov/api/block/find?latitude=24.8645304&longitude=67.0214041&showall=[true]","<?xml version=""1.0"" encoding=""UTF-8"" standalone=""yes""?><Response xmlns=""http://data.fcc.gov/api"" status=""OK"" executionTime=""88""><Block/><County/><State/></Response>",NA,NA,NA,NA,NA,NA,"OK","88",NA
"3531",3763,"BROUGHTON POLICE DEPARTMENT",53.8085163,-2.7230876,"http://data.fcc.gov/api/block/find?latitude=53.8085163&longitude=-2.7230876&showall=[true]","<?xml version=""1.0"" encoding=""UTF-8"" standalone=""yes""?><Response xmlns=""http://data.fcc.gov/api"" status=""OK"" executionTime=""148""><Block/><County/><State/></Response>",NA,NA,NA,NA,NA,NA,"OK","148",NA
"3550",3782,"CHINA GROVE POLICE DEPT",21.4216825,109.1222199,"http://data.fcc.gov/api/block/find?latitude=21.4216825&longitude=109.1222199&showall=[true]","<?xml version=""1.0"" encoding=""UTF-8"" standalone=""yes""?><Response xmlns=""http://data.fcc.gov/api"" status=""OK"" executionTime=""85""><Block/><County/><State/></Response>",NA,NA,NA,NA,NA,NA,"OK","85",NA
"3717",3954,"SURRY COUNTY SHERIFF DEPT",51.3564568,-0.1166477,"http://data.fcc.gov/api/block/find?latitude=51.3564568&longitude=-0.1166477&showall=[true]","<?xml version=""1.0"" encoding=""UTF-8"" standalone=""yes""?><Response xmlns=""http://data.fcc.gov/api"" status=""OK"" executionTime=""128""><Block/><County/><State/></Response>",NA,NA,NA,NA,NA,NA,"OK","128",NA
"3734",3973,"VASS POLICE DEPT",25.7455698,71.3905553,"http://data.fcc.gov/api/block/find?latitude=25.7455698&longitude=71.3905553&showall=[true]","<?xml version=""1.0"" encoding=""UTF-8"" standalone=""yes""?><Response xmlns=""http://data.fcc.gov/api"" status=""OK"" executionTime=""147""><Block/><County/><State/></Response>",NA,NA,NA,NA,NA,NA,"OK","147",NA
"3792",4039,"OAKES POLICE DEPT",-34.079501,150.572664,"http://data.fcc.gov/api/block/find?latitude=-34.079501&longitude=150.572664&showall=[true]","<?xml version=""1.0"" encoding=""UTF-8"" standalone=""yes""?><Response xmlns=""http://data.fcc.gov/api"" status=""OK"" executionTime=""102""><Block/><County/><State/></Response>",NA,NA,NA,NA,NA,NA,"OK","102",NA
"3829",4079,"LA VISTA POLICE DEPARTMENT",9.1583616,76.7303906,"http://data.fcc.gov/api/block/find?latitude=9.1583616&longitude=76.7303906&showall=[true]","<?xml version=""1.0"" encoding=""UTF-8"" standalone=""yes""?><Response xmlns=""http://data.fcc.gov/api"" status=""OK"" executionTime=""87""><Block/><County/><State/></Response>",NA,NA,NA,NA,NA,NA,"OK","87",NA
"3961",4218,"EVESHAM POLICE DEPT",52.094396,-1.8683201,"http://data.fcc.gov/api/block/find?latitude=52.094396&longitude=-1.8683201&showall=[true]","<?xml version=""1.0"" encoding=""UTF-8"" standalone=""yes""?><Response xmlns=""http://data.fcc.gov/api"" status=""OK"" executionTime=""1504""><Block/><County/><State/></Response>",NA,NA,NA,NA,NA,NA,"OK","1504",NA
"4278",4551,"CENTRAL STATE UNIV POLICE",31.3100319,75.595347,"http://data.fcc.gov/api/block/find?latitude=31.3100319&longitude=75.595347&showall=[true]","<?xml version=""1.0"" encoding=""UTF-8"" standalone=""yes""?><Response xmlns=""http://data.fcc.gov/api"" status=""OK"" executionTime=""73""><Block/><County/><State/></Response>",NA,NA,NA,NA,NA,NA,"OK","73",NA
"4352",4628,"GRANDVIEW HEIGHTS POLICE DIV",53.5024046,-113.5809538,"http://data.fcc.gov/api/block/find?latitude=53.5024046&longitude=-113.5809538&showall=[true]","<?xml version=""1.0"" encoding=""UTF-8"" standalone=""yes""?><Response xmlns=""http://data.fcc.gov/api"" status=""OK"" executionTime=""119""><Block/><County/><State/></Response>",NA,NA,NA,NA,NA,NA,"OK","119",NA
"4424",4705,"MALINTA POLICE DEPT",14.6921464,120.9645273,"http://data.fcc.gov/api/block/find?latitude=14.6921464&longitude=120.9645273&showall=[true]","<?xml version=""1.0"" encoding=""UTF-8"" standalone=""yes""?><Response xmlns=""http://data.fcc.gov/api"" status=""OK"" executionTime=""89""><Block/><County/><State/></Response>",NA,NA,NA,NA,NA,NA,"OK","89",NA
"4460",4743,"NEW ALEXANDRIA POLICE DEPT",30.8839034,29.5741278,"http://data.fcc.gov/api/block/find?latitude=30.8839034&longitude=29.5741278&showall=[true]","<?xml version=""1.0"" encoding=""UTF-8"" standalone=""yes""?><Response xmlns=""http://data.fcc.gov/api"" status=""OK"" executionTime=""164""><Block/><County/><State/></Response>",NA,NA,NA,NA,NA,NA,"OK","164",NA
"4592",4883,"UNIV CIRCLE POLICE DEPT",9.6707069,76.5569022,"http://data.fcc.gov/api/block/find?latitude=9.6707069&longitude=76.5569022&showall=[true]","<?xml version=""1.0"" encoding=""UTF-8"" standalone=""yes""?><Response xmlns=""http://data.fcc.gov/api"" status=""OK"" executionTime=""77""><Block/><County/><State/></Response>",NA,NA,NA,NA,NA,NA,"OK","77",NA
"4686",5003,"MCLOUD POLICE DEPT",30.2499619,73.6967665,"http://data.fcc.gov/api/block/find?latitude=30.2499619&longitude=73.6967665&showall=[true]","<?xml version=""1.0"" encoding=""UTF-8"" standalone=""yes""?><Response xmlns=""http://data.fcc.gov/api"" status=""OK"" executionTime=""73""><Block/><County/><State/></Response>",NA,NA,NA,NA,NA,NA,"OK","73",NA
"4687",5004,"MEDICINE PARK POLICE DEPT",24.8720967,67.0186362,"http://data.fcc.gov/api/block/find?latitude=24.8720967&longitude=67.0186362&showall=[true]","<?xml version=""1.0"" encoding=""UTF-8"" standalone=""yes""?><Response xmlns=""http://data.fcc.gov/api"" status=""OK"" executionTime=""93""><Block/><County/><State/></Response>",NA,NA,NA,NA,NA,NA,"OK","93",NA
"4741",5071,"BEND POLICE DEPT",31.0528421,46.2626338,"http://data.fcc.gov/api/block/find?latitude=31.0528421&longitude=46.2626338&showall=[true]","<?xml version=""1.0"" encoding=""UTF-8"" standalone=""yes""?><Response xmlns=""http://data.fcc.gov/api"" status=""OK"" executionTime=""166""><Block/><County/><State/></Response>",NA,NA,NA,NA,NA,NA,"OK","166",NA
"4745",5075,"COTTAGE GROVE POLICE",19.080562,72.8373233,"http://data.fcc.gov/api/block/find?latitude=19.080562&longitude=72.8373233&showall=[true]","<?xml version=""1.0"" encoding=""UTF-8"" standalone=""yes""?><Response xmlns=""http://data.fcc.gov/api"" status=""OK"" executionTime=""174""><Block/><County/><State/></Response>",NA,NA,NA,NA,NA,NA,"OK","174",NA
"4791",5126,"CHESTER MONTGOMERY ERT",53.193392,-2.893075,"http://data.fcc.gov/api/block/find?latitude=53.193392&longitude=-2.893075&showall=[true]","<?xml version=""1.0"" encoding=""UTF-8"" standalone=""yes""?><Response xmlns=""http://data.fcc.gov/api"" status=""OK"" executionTime=""84""><Block/><County/><State/></Response>",NA,NA,NA,NA,NA,NA,"OK","84",NA
"4824",5165,"MILTON BORO POLICE DEPT",52.0854112,-0.7274474,"http://data.fcc.gov/api/block/find?latitude=52.0854112&longitude=-0.7274474&showall=[true]","<?xml version=""1.0"" encoding=""UTF-8"" standalone=""yes""?><Response xmlns=""http://data.fcc.gov/api"" status=""OK"" executionTime=""100""><Block/><County/><State/></Response>",NA,NA,NA,NA,NA,NA,"OK","100",NA
"4830",5171,"MOUNT LEBANON POLICE DEPT",33.8788186,35.544459,"http://data.fcc.gov/api/block/find?latitude=33.8788186&longitude=35.544459&showall=[true]","<?xml version=""1.0"" encoding=""UTF-8"" standalone=""yes""?><Response xmlns=""http://data.fcc.gov/api"" status=""OK"" executionTime=""125""><Block/><County/><State/></Response>",NA,NA,NA,NA,NA,NA,"OK","125",NA
"4867",5209,"STROUD AREA REGIONAL POLICE DEPT",51.745734,-2.217758,"http://data.fcc.gov/api/block/find?latitude=51.745734&longitude=-2.217758&showall=[true]","<?xml version=""1.0"" encoding=""UTF-8"" standalone=""yes""?><Response xmlns=""http://data.fcc.gov/api"" status=""OK"" executionTime=""73""><Block/><County/><State/></Response>",NA,NA,NA,NA,NA,NA,"OK","73",NA
"4881",5225,"WARMINSTER TWP POLICE DEPT",51.204629,-2.181078,"http://data.fcc.gov/api/block/find?latitude=51.204629&longitude=-2.181078&showall=[true]","<?xml version=""1.0"" encoding=""UTF-8"" standalone=""yes""?><Response xmlns=""http://data.fcc.gov/api"" status=""OK"" executionTime=""94""><Block/><County/><State/></Response>",NA,NA,NA,NA,NA,NA,"OK","94",NA
"4941",5290,"FLORENCE REGIONAL AIRPORT POLICE",43.7695604,11.2558136,"http://data.fcc.gov/api/block/find?latitude=43.7695604&longitude=11.2558136&showall=[true]","<?xml version=""1.0"" encoding=""UTF-8"" standalone=""yes""?><Response xmlns=""http://data.fcc.gov/api"" status=""OK"" executionTime=""73""><Block/><County/><State/></Response>",NA,NA,NA,NA,NA,NA,"OK","73",NA
"4988",5339,"US DOJ DEA FLORENCE",43.7695604,11.2558136,"http://data.fcc.gov/api/block/find?latitude=43.7695604&longitude=11.2558136&showall=[true]","<?xml version=""1.0"" encoding=""UTF-8"" standalone=""yes""?><Response xmlns=""http://data.fcc.gov/api"" status=""OK"" executionTime=""173""><Block/><County/><State/></Response>",NA,NA,NA,NA,NA,NA,"OK","173",NA
"5074",5436,"EAST RIDGE POLICE DEPT",6.6801869,-1.6220927,"http://data.fcc.gov/api/block/find?latitude=6.6801869&longitude=-1.6220927&showall=[true]","<?xml version=""1.0"" encoding=""UTF-8"" standalone=""yes""?><Response xmlns=""http://data.fcc.gov/api"" status=""OK"" executionTime=""79""><Block/><County/><State/></Response>",NA,NA,NA,NA,NA,NA,"OK","79",NA
"5123",5489,"MOUNT CARMEL POLICE DEPT",32.7286111,35.0466667,"http://data.fcc.gov/api/block/find?latitude=32.7286111&longitude=35.0466667&showall=[true]","<?xml version=""1.0"" encoding=""UTF-8"" standalone=""yes""?><Response xmlns=""http://data.fcc.gov/api"" status=""OK"" executionTime=""144""><Block/><County/><State/></Response>",NA,NA,NA,NA,NA,NA,"OK","144",NA
"5345",5738,"LEAGUE CITY POLICE DEPT",38.4716514,106.2422624,"http://data.fcc.gov/api/block/find?latitude=38.4716514&longitude=106.2422624&showall=[true]","<?xml version=""1.0"" encoding=""UTF-8"" standalone=""yes""?><Response xmlns=""http://data.fcc.gov/api"" status=""OK"" executionTime=""169""><Block/><County/><State/></Response>",NA,NA,NA,NA,NA,NA,"OK","169",NA
"5363",5758,"MEADOWS PLACE POLICE DEPT",8.5691279,76.8714899,"http://data.fcc.gov/api/block/find?latitude=8.5691279&longitude=76.8714899&showall=[true]","<?xml version=""1.0"" encoding=""UTF-8"" standalone=""yes""?><Response xmlns=""http://data.fcc.gov/api"" status=""OK"" executionTime=""74""><Block/><County/><State/></Response>",NA,NA,NA,NA,NA,NA,"OK","74",NA
"5384",5781,"NATIONAL POLICE",18.5183509,-70.0451535,"http://data.fcc.gov/api/block/find?latitude=18.5183509&longitude=-70.0451535&showall=[true]","<?xml version=""1.0"" encoding=""UTF-8"" standalone=""yes""?><Response xmlns=""http://data.fcc.gov/api"" status=""OK"" executionTime=""136""><Block/><County/><State/></Response>",NA,NA,NA,NA,NA,NA,"OK","136",NA
"5456",5859,"SUTTON COUNTY SHERIFF DEPT",51.3614279,-0.193961,"http://data.fcc.gov/api/block/find?latitude=51.3614279&longitude=-0.193961&showall=[true]","<?xml version=""1.0"" encoding=""UTF-8"" standalone=""yes""?><Response xmlns=""http://data.fcc.gov/api"" status=""OK"" executionTime=""84""><Block/><County/><State/></Response>",NA,NA,NA,NA,NA,NA,"OK","84",NA
"5624",6047,"GATE CITY POLICE DEPT",32.9853985,70.606395,"http://data.fcc.gov/api/block/find?latitude=32.9853985&longitude=70.606395&showall=[true]","<?xml version=""1.0"" encoding=""UTF-8"" standalone=""yes""?><Response xmlns=""http://data.fcc.gov/api"" status=""OK"" executionTime=""181""><Block/><County/><State/></Response>",NA,NA,NA,NA,NA,NA,"OK","181",NA
"5664",6091,"PORTSMOUTH SHERIFF DEPT",50.816667,-1.083333,"http://data.fcc.gov/api/block/find?latitude=50.816667&longitude=-1.083333&showall=[true]","<?xml version=""1.0"" encoding=""UTF-8"" standalone=""yes""?><Response xmlns=""http://data.fcc.gov/api"" status=""OK"" executionTime=""94""><Block/><County/><State/></Response>",NA,NA,NA,NA,NA,NA,"OK","94",NA
"5681",6109,"SOUTH HILL POLICE DEPT",21.4216825,109.1222199,"http://data.fcc.gov/api/block/find?latitude=21.4216825&longitude=109.1222199&showall=[true]","<?xml version=""1.0"" encoding=""UTF-8"" standalone=""yes""?><Response xmlns=""http://data.fcc.gov/api"" status=""OK"" executionTime=""122""><Block/><County/><State/></Response>",NA,NA,NA,NA,NA,NA,"OK","122",NA
"5702",6134,"WHITE STONE POLICE DEPT",52.5230406,-1.4634146,"http://data.fcc.gov/api/block/find?latitude=52.5230406&longitude=-1.4634146&showall=[true]","<?xml version=""1.0"" encoding=""UTF-8"" standalone=""yes""?><Response xmlns=""http://data.fcc.gov/api"" status=""OK"" executionTime=""78""><Block/><County/><State/></Response>",NA,NA,NA,NA,NA,NA,"OK","78",NA
"5706",6139,"YORK-POQUOSON SHERIFF DEPT",53.9599651,-1.0872979,"http://data.fcc.gov/api/block/find?latitude=53.9599651&longitude=-1.0872979&showall=[true]","<?xml version=""1.0"" encoding=""UTF-8"" standalone=""yes""?><Response xmlns=""http://data.fcc.gov/api"" status=""OK"" executionTime=""143""><Block/><County/><State/></Response>",NA,NA,NA,NA,NA,NA,"OK","143",NA
"6007",6460,"COWLEY POLICE DEPT",51.7345104,-1.2139678,"http://data.fcc.gov/api/block/find?latitude=51.7345104&longitude=-1.2139678&showall=[true]","<?xml version=""1.0"" encoding=""UTF-8"" standalone=""yes""?><Response xmlns=""http://data.fcc.gov/api"" status=""OK"" executionTime=""165""><Block/><County/><State/></Response>",NA,NA,NA,NA,NA,NA,"OK","165",NA
"6048",6517,"COROZAL POLICE DEPT",17.9221477,-87.9608774,"http://data.fcc.gov/api/block/find?latitude=17.9221477&longitude=-87.9608774&showall=[true]","<?xml version=""1.0"" encoding=""UTF-8"" standalone=""yes""?><Response xmlns=""http://data.fcc.gov/api"" status=""OK"" executionTime=""143""><Block/><County/><State/></Response>",NA,NA,NA,NA,NA,NA,"OK","143",NA
"6052",6526,"ISABELA POLICE DEPT",10.2050233,122.9888374,"http://data.fcc.gov/api/block/find?latitude=10.2050233&longitude=122.9888374&showall=[true]","<?xml version=""1.0"" encoding=""UTF-8"" standalone=""yes""?><Response xmlns=""http://data.fcc.gov/api"" status=""OK"" executionTime=""119""><Block/><County/><State/></Response>",NA,NA,NA,NA,NA,NA,"OK","119",NA
"6054",6535,"MUNICIPALITY OF AGUADILLA",10.5090665,-66.9456801,"http://data.fcc.gov/api/block/find?latitude=10.5090665&longitude=-66.9456801&showall=[true]","<?xml version=""1.0"" encoding=""UTF-8"" standalone=""yes""?><Response xmlns=""http://data.fcc.gov/api"" status=""OK"" executionTime=""73""><Block/><County/><State/></Response>",NA,NA,NA,NA,NA,NA,"OK","73",NA
"6056",6537,"MUNICIPALITY OF HORMIGUEROS",27.2161111,-108.4197222,"http://data.fcc.gov/api/block/find?latitude=27.2161111&longitude=-108.4197222&showall=[true]","<?xml version=""1.0"" encoding=""UTF-8"" standalone=""yes""?><Response xmlns=""http://data.fcc.gov/api"" status=""OK"" executionTime=""96""><Block/><County/><State/></Response>",NA,NA,NA,NA,NA,NA,"OK","96",NA
"6057",6538,"MUNICIPALITY OF MANATI",17.9703593,-92.9952377,"http://data.fcc.gov/api/block/find?latitude=17.9703593&longitude=-92.9952377&showall=[true]","<?xml version=""1.0"" encoding=""UTF-8"" standalone=""yes""?><Response xmlns=""http://data.fcc.gov/api"" status=""OK"" executionTime=""131""><Block/><County/><State/></Response>",NA,NA,NA,NA,NA,NA,"OK","131",NA
"6058",6539,"MUNICIPIO AUTONOMO DE VILLALBA",10.2272758,-67.8768922,"http://data.fcc.gov/api/block/find?latitude=10.2272758&longitude=-67.8768922&showall=[true]","<?xml version=""1.0"" encoding=""UTF-8"" standalone=""yes""?><Response xmlns=""http://data.fcc.gov/api"" status=""OK"" executionTime=""77""><Block/><County/><State/></Response>",NA,NA,NA,NA,NA,NA,"OK","77",NA
"6065",6552,"SANTA ISABEL POLICE DEPT",18.1693022,-77.7092123,"http://data.fcc.gov/api/block/find?latitude=18.1693022&longitude=-77.7092123&showall=[true]","<?xml version=""1.0"" encoding=""UTF-8"" standalone=""yes""?><Response xmlns=""http://data.fcc.gov/api"" status=""OK"" executionTime=""179""><Block/><County/><State/></Response>",NA,NA,NA,NA,NA,NA,"OK","179",NA
